{
  "loss": 16423.13671875,
  "val_loss": 18907.970703125,
  "epoch": 99,
  "global_step": 600
}
